Model,Accuracy,Precision,Recall,F1,ROC_AUC
Logistic Regression,0.6803921568627451,0.6573426573426573,0.7430830039525692,0.6975881261595547,0.7461896925608649
XGBoost,0.6607843137254902,0.6626016260162602,0.6442687747035574,0.6533066132264529,0.7112163762476739
Random Forest,0.6470588235294118,0.6514522821576764,0.6205533596837944,0.6356275303643725,0.7095938235339352
KNN,0.615686274509804,0.6144578313253012,0.6047430830039525,0.6095617529880478,0.6518355608188124
